num_topics,coherence
5,-116.0966337664069
10,-136.00201047352138
15,-133.66617902149738
20,-140.17104951846832
