,model,u_mass,c_v,c_uci,c_npmi
0,lda_9,-8.398683098751116,0.3067994006844505,-3.8598956338044905,-0.1336361200421473
